<?xml version="1.0" encoding="UTF-8" standalone="yes"?>
<addon id="plugin.audio.OneMusic" name="[B]OneMusic[/B]" version="1.0.1" provider-name="Equipe OnePlay"> 
<requires>
	<import addon="script.module.simplejson"/>
	<import addon="script.module.six" />
    <import addon="script.module.kodi-six" />
</requires>
<extension point="xbmc.python.pluginsource" library="main.py">
	<provides>audio</provides>
</extension>
<extension point="xbmc.addon.repository" name="[B]OneMusic[/B]">
	<dir minversion="16.0.0" maxversion="18.9.0">
		<info compressed="false">https://github.com/OnePlayHD/OneRepo/raw/master/leia/addons.xml</info>
		<checksum>https://github.com/OnePlayHD/OneRepo/raw/master/leia/addons.xml.md5</checksum>
		<datadir zip="true">https://github.com/OnePlayHD/OneRepo/raw/master/leia</datadir>
		<hashes>false</hashes>
	</dir>
	<dir minversion="18.9.1">
		<info compressed="false">https://github.com/OnePlayHD/OneRepo/raw/master/matrix/addons.xml</info>
		<checksum>https://github.com/OnePlayHD/OneRepo/raw/master/matrix/addons.xml.md5</checksum>
		<datadir zip="true">https://github.com/OnePlayHD/OneRepo/raw/master/matrix</datadir>
		<hashes>false</hashes>
	</dir>
</extension>
<extension point="xbmc.addon.metadata">
    <summary>OneMusic</summary>
    <description>OneMusic é um addon para repdrodução e donwload de músicas em mp3.</description>
    <disclaimer>OneMusic utiliza o servidor dedicado para localizar arquivos mp3.</disclaimer>
	<website>http://www.oneplayhd.com/</website>
    <platform>all</platform>
	<assets>
		<icon>icon.png</icon>
		<fanart>fanart.jpg</fanart>
		<screenshot>resources/media/screenshot.jpg</screenshot>
    </assets>
</extension>
</addon>