<?xml version="1.0" encoding="UTF-8" standalone="yes"?>
<addon id="plugin.video.animesplay" version="1.0.2" name="[B]Animes [COLOR yellow]Play[/COLOR][/B]" provider-name="Equipe Oneplay">
    <requires>
        <import addon="xbmc.python" version="2.1.0"/>
        <import addon="script.module.simplejson"/>
    </requires>
    <extension point="xbmc.python.pluginsource" library="main.py">
        <provides>video</provides>
    </extension>


    <extension point="xbmc.addon.metadata">
        <summary>Os Melhores animes aqui</summary>
        <description>Animes Play oferece diversos animes para o kodi</description>
        <platform>all</platform>
    </extension>
</addon>