<?xml version="1.0" encoding="UTF-8" standalone="yes"?>
<addon id="plugin.video.animesplay.matrix" name="[B][COLOR white]Animes[/COLOR] [COLOR yellow]Play[/COLOR][/B]" version="1.0.4.matrix.1" provider-name="Equipe OnePlay"> 
    <requires>
		<import addon="xbmc.python" version="3.0.0"/>
		<import addon="script.module.simplejson"/>
    </requires>
    <extension point="xbmc.python.pluginsource" library="main.py">
        <provides>video</provides>
    </extension>
	<extension point="xbmc.addon.metadata">
		<summary lang="pt_br">Os Melhores animes aqui!.</summary>
		<description lang="pt_br">Animes Play oferece diversos animes para o kodi.</description>
		<disclaimer lang="pt_br">Animes Play não hospeda os conteudos, todos os animes são links agregados ao addon.</disclaimer>
        <platform>all</platform>
		<assets>
			<icon>icon.png</icon>
			<fanart>fanart.jpg</fanart>
		</assets>
		<news>
- AnimesPlay em python 3, 1.0.1.matrix.1
		</news>
	</extension>
</addon>