<?xml version="1.0" encoding="UTF-8"?>
<window>
    <defaultcontrol>201</defaultcontrol>
    <coordinates>
        <left>502</left>
		<top>340</top>
		<height>400</height>
		<width>916</width>
    </coordinates>
    <controls>
        <control type="image">
			<width>916</width>
			<height>400</height>
			<aspectratio>scale</aspectratio>
			<texture>background.jpg</texture>
			<bordertexture background="true" colordiffuse="deepskyblue">white.png</bordertexture>
			<bordersize>2</bordersize>
		</control>
		<control type="label">
			<top>20</top>
			<width>916</width>
			<height>40</height>
			<label>[COLORdeepskyblue]K.U.S[/COLOR] Wizard</label>
			<shadowcolor>black</shadowcolor>
			<align>center</align>
			<aligny>center</aligny>
		</control>
		<control type="textbox">
			<left>20</left>
			<top>80</top>
			<width>876</width>
			<height>200</height>
			<align>center</align>
			<shadowcolor>black</shadowcolor>
			<label>Aktuell hast du kein Build von uns installiert.[CR]Wähle [[COLORlime]Build Menü[/COLOR]] um ein Build zu installieren[CR]oder [[COLORred]Ignorieren[/COLOR]] um das Fenster zu schließen.[CR]Viel Spaß mit unseren Builds![CR]Team K.U.S</label>
		</control>
		<control type="button" id="201">
			<left>158</left>
			<top>300</top>
			<width>300</width>
			<height>100</height>
			<textcolor>lime</textcolor>
			<shadowcolor>black</shadowcolor>
			<label>Build Menü</label>
			<align>center</align>
			<aligny>center</aligny>
			<texturefocus border="40" colordiffuse="deepskyblue">button-fo.png</texturefocus>
			<texturenofocus border="40">button-nofo.png</texturenofocus>
			<onleft>202</onleft>
			<onright>202</onright>
		</control>
		<control type="button" id="202">
			<left>458</left>
			<top>300</top>
			<width>300</width>
			<height>100</height>
			<textcolor>red</textcolor>
			<shadowcolor>black</shadowcolor>
			<label>Ignorieren</label>
			<align>center</align>
			<aligny>center</aligny>
			<texturefocus border="40" colordiffuse="deepskyblue">button-fo.png</texturefocus>
			<texturenofocus border="40">button-nofo.png</texturenofocus>
			<onleft>201</onleft>
			<onright>201</onright>
		</control>
    </controls>
</window>