<?xml version="1.0" encoding="UTF-8"?>
<window type="dialog">
    <defaultcontrol>104</defaultcontrol>
    <coordinates>
        <left>0</left>
        <top>0</top>
    </coordinates>
    <controls>
        <control type="image">
			<aspectratio>scale</aspectratio>
			<texture>background.jpg</texture>
		</control>
		<control type="label" id="101">
			<top>20</top>
			<width>1920</width>
			<height>40</height>
			<align>center</align>
			<aligny>center</aligny>
			<label>$INFO[Window().Property(message.title)]: [COLORdeepskyblue]$INFO[Window().Property(message.logfile)][/COLOR]</label>
			<shadowcolor>black</shadowcolor>
		</control>
		<control type="grouplist" id="104">
			<onright>103</onright>
			<top>80</top>
			<width>300</width>
			<height>952</height>
			<defaultcontrol>201</defaultcontrol>
			<control type="button" id="201">
				<align>center</align>
				<height>100</height>
				<texturefocus border="40" colordiffuse="deepskyblue">button-fo.png</texturefocus>
				<texturenofocus border="40">button-nofo.png</texturenofocus>
				<label>Upload LOG</label>
				<shadowcolor>black</shadowcolor>
			</control>
			<control type="button" id="202">
				<align>center</align>
				<height>100</height>
				<texturefocus border="40" colordiffuse="deepskyblue">button-fo.png</texturefocus>
				<texturenofocus border="40">button-nofo.png</texturenofocus>
				<label>Kodi LOG</label>
				<shadowcolor>black</shadowcolor>
				<visible>String.IsEqual(Window().Property(message.buttons), true)</visible>
			</control>
			<control type="button" id="203">
				<align>center</align>
				<height>100</height>
				<texturefocus border="40" colordiffuse="deepskyblue">button-fo.png</texturefocus>
				<texturenofocus border="40">button-nofo.png</texturenofocus>
				<label>Old LOG</label>
				<shadowcolor>black</shadowcolor>
				<visible>String.IsEqual(Window().Property(message.buttons), true)</visible>
			</control>
			<control type="button" id="204">
				<align>center</align>
				<height>100</height>
				<texturefocus border="40" colordiffuse="deepskyblue">button-fo.png</texturefocus>
				<texturenofocus border="40">button-nofo.png</texturenofocus>
				<label>Wizard Log</label>
				<visible>String.IsEqual(Window().Property(message.buttons), true)</visible>
			</control>
			<control type="button" id="205">
				<align>center</align>
				<height>100</height>
				<texturefocus border="40" colordiffuse="deepskyblue">button-fo.png</texturefocus>
				<texturenofocus border="40">button-nofo.png</texturenofocus>
				<label>Schliessen</label>
				<shadowcolor>black</shadowcolor>
			</control>
		</control>
		<control type="textbox" id="102">
			<left>320</left>
			<top>100</top>
			<width>1550</width>
			<height>960</height>
			<shadowcolor>black</shadowcolor>
			<pagecontrol>103</pagecontrol>
			<autoscroll delay="3000" time="1000" repeat="10000">!Control.HasFocus(103)</autoscroll>
			<label>[COLOR white]$INFO[Window().Property(message.logmsg)][/COLOR]</label>
		</control>
		<control type="scrollbar" id="103">
			<left>1890</left>
			<top>100</top>
			<width>10</width>
			<height>960</height>
			<onleft>104</onleft>
			<onup>102</onup>
			<ondown>102</ondown>
			<texturesliderbackground>darkgrey.png</texturesliderbackground>
			<texturesliderbar>button-fo.png</texturesliderbar>
			<texturesliderbarfocus colordiffuse="deepskyblue">button-fo.png</texturesliderbarfocus>
			<subtype>text</subtype>
		</control>
    </controls>
</window>