<?xml version="1.0" encoding="UTF-8"?>
<window>
	<defaultcontrol>503</defaultcontrol>
    <coordinates>
        <left>502</left>
		<top>340</top>
		<height>400</height>
		<width>916</width>
    </coordinates>
    <controls>
        <control type="image">
			<width>916</width>
			<height>400</height>
			<aspectratio>scale</aspectratio>
			<texture>background.jpg</texture>
			<bordertexture background="true" colordiffuse="deepskyblue">white.png</bordertexture>
			<bordersize>2</bordersize>
		</control>
        <control type="label" id="504">
           <top>20</top>
			<width>916</width>
			<height>40</height>
            <shadowcolor>black</shadowcolor>
			<align>center</align>
			<aligny>center</aligny>
        </control>
        <control type="image" id="501">
            <left>20</left>
            <top>114</top>
            <width>280</width>
            <height>280</height>
            <aspectratio aligny="center" align="center">keep</aspectratio>
        </control>
        <control type="textbox" id="502">
            <left>320</left>
			<top>80</top>
			<width>576</width>
			<height>200</height>
			<align>left</align>
			<shadowcolor>black</shadowcolor>
        </control>
		<control type="button" id="503">
            <left>616</left>
			<top>300</top>
			<width>300</width>
			<height>100</height>
			<shadowcolor>black</shadowcolor>
			<label>15067</label>
			<align>center</align>
			<aligny>center</aligny>
			<texturefocus border="40" colordiffuse="deepskyblue">button-fo.png</texturefocus>
			<texturenofocus border="40">button-nofo.png</texturenofocus>
        </control>
    </controls>
</window>