<?xml version="1.0" encoding="UTF-8" standalone="yes"?>
<addon id="script.encrypttool" name="Encrypt add-on" version="1.0.2" provider-name="Oneplay team">
    <requires>
        <import addon="script.module.six"/>
        <import addon="script.module.kodi-six"/>
    </requires>
    <extension point="xbmc.python.script" library="default.py"/>
    <extension point="xbmc.addon.metadata">
        <summary lang="en">Encrypt add-on</summary>
        <description lang="en">Encrypt add-on is an addon to encrypt script python</description>
        <platform>all</platform>
        <license>GNU GENERAL PUBLIC LICENSE. Version 1, 12 June 2022</license>
        <disclaimer>The author of this addon do not host any of the content which is found and have no affiliation with any of the content providers. This addon simply searches websites for content. Use at your own risk!</disclaimer>
        <assets>
            <icon>icon.png</icon>
            <fanart>fanart.jpg</fanart>
        </assets>
    </extension>
</addon>
