<?xml version="1.0" encoding="UTF-8" standalone="yes"?>
<addon id="plugin.program.kuswizard" name="[COLORdeepskyblue]K.U.S[/COLOR] Wizard" version="2025.04" provider-name="SGK">
    <requires>
        <import addon="xbmc.python" version="3.0.0" />
        <import addon="script.module.requests" />
        <import addon="script.module.six" />
        <import addon="script.speedtester" optional="true" version="1.1.2" />
    </requires>
    <extension point="xbmc.python.pluginsource" library="default.py">
        <provides>executable</provides>
    </extension>
    <extension point="xbmc.service" library="startup.py" start="startup" />
    <extension point="xbmc.addon.metadata">
		<summary lang="en_GB">[COLORdeepskyblue]K.U.S[/COLOR] Wizard</summary>
        <summary lang="de_DE">[COLORdeepskyblue]K.U.S[/COLOR] Wizard</summary>
        <description lang="en_GB">Simply install pre-configured Kodi builds.[CR]+ Backup- and Maintenance-Tools.</description>
        <description lang="de_DE">Einfach fertig vorkonfigurierte Kodi-Builds installieren.[CR]+ Backup- und Wartungs-Optionen</description>
        <disclaimer lang="en_GB">This is a third party addon and is unrelated to the official Kodi team.</disclaimer>
		<disclaimer lang="de_DE">Dies ist ein Drittanbieter-Addon und steht nicht in Zusammenhang mit dem offiziellen Team Kodi.</disclaimer>
        <platform>all</platform>
        <reuselanguageinvoker>false</reuselanguageinvoker>
        <source></source>
        <news></news>
        <assets>
            <icon>icon.png</icon>
            <fanart>fanart.jpg</fanart>
			<screenshot>resources/media/screenshot-01.png</screenshot>
			<screenshot>resources/media/screenshot-02.png</screenshot>
			<screenshot>resources/media/screenshot-03.png</screenshot>
        </assets>
    </extension>
</addon>